posted_date,raw_date,amount,amount_minor,direction,section,description,description_raw,statement_start,statement_end,account_last4,source_file,raw_lines_json
2024-01-01,01/01/24,2800.00,280000,credit,deposits,SYNTHETIC PAYROLL ACME LABS,01/01/24 SYNTHETIC PAYROLL ACME LABS,"January 1, 2024","January 31, 2024",0000,synthetic_stmt_2024_01.csv,"[""01/01/24 SYNTHETIC PAYROLL ACME LABS 2800.00""]"
2024-01-02,01/02/24,120.00,12000,credit,deposits,SYNTHETIC ALLOWANCE HOUSEHOLD SUPPORT,01/02/24 SYNTHETIC ALLOWANCE HOUSEHOLD SUPPORT,"January 1, 2024","January 31, 2024",0000,synthetic_stmt_2024_01.csv,"[""01/02/24 SYNTHETIC ALLOWANCE HOUSEHOLD SUPPORT 120.00""]"
2024-01-03,01/03/24,-920.00,-92000,debit,withdrawals,SYNTHETIC RENT RESIDENCE,01/03/24 SYNTHETIC RENT RESIDENCE,"January 1, 2024","January 31, 2024",0000,synthetic_stmt_2024_01.csv,"[""01/03/24 SYNTHETIC RENT RESIDENCE -920.00""]"
2024-01-05,01/05/24,-128.00,-12800,debit,withdrawals,EXAMPLE UTILITIES SERVICE,01/05/24 EXAMPLE UTILITIES SERVICE,"January 1, 2024","January 31, 2024",0000,synthetic_stmt_2024_01.csv,"[""01/05/24 EXAMPLE UTILITIES SERVICE -128.00""]"
2024-01-06,01/06/24,-65.00,-6500,debit,withdrawals,DEMO INTERNET SERVICE,01/06/24 DEMO INTERNET SERVICE,"January 1, 2024","January 31, 2024",0000,synthetic_stmt_2024_01.csv,"[""01/06/24 DEMO INTERNET SERVICE -65.00""]"
2024-01-07,01/07/24,-55.00,-5500,debit,withdrawals,TEST MOBILE PLAN,01/07/24 TEST MOBILE PLAN,"January 1, 2024","January 31, 2024",0000,synthetic_stmt_2024_01.csv,"[""01/07/24 TEST MOBILE PLAN -55.00""]"
2024-01-08,01/08/24,-15.99,-1599,debit,withdrawals,DEMO STREAMING MEMBERSHIP,01/08/24 DEMO STREAMING MEMBERSHIP,"January 1, 2024","January 31, 2024",0000,synthetic_stmt_2024_01.csv,"[""01/08/24 DEMO STREAMING MEMBERSHIP -15.99""]"
2024-01-10,01/10/24,-86.00,-8600,debit,withdrawals,TEST GROCERY MART,01/10/24 TEST GROCERY MART,"January 1, 2024","January 31, 2024",0000,synthetic_stmt_2024_01.csv,"[""01/10/24 TEST GROCERY MART -86.00""]"
2024-01-14,01/14/24,-91.20,-9120,debit,withdrawals,TEST GROCERY MART,01/14/24 TEST GROCERY MART,"January 1, 2024","January 31, 2024",0000,synthetic_stmt_2024_01.csv,"[""01/14/24 TEST GROCERY MART -91.20""]"
2024-01-21,01/21/24,-78.40,-7840,debit,withdrawals,TEST GROCERY MART,01/21/24 TEST GROCERY MART,"January 1, 2024","January 31, 2024",0000,synthetic_stmt_2024_01.csv,"[""01/21/24 TEST GROCERY MART -78.40""]"
2024-01-27,01/27/24,-102.60,-10260,debit,withdrawals,TEST GROCERY MART,01/27/24 TEST GROCERY MART,"January 1, 2024","January 31, 2024",0000,synthetic_stmt_2024_01.csv,"[""01/27/24 TEST GROCERY MART -102.60""]"
2024-01-04,01/04/24,-32.00,-3200,debit,withdrawals,DEMO TRANSIT PASS,01/04/24 DEMO TRANSIT PASS,"January 1, 2024","January 31, 2024",0000,synthetic_stmt_2024_01.csv,"[""01/04/24 DEMO TRANSIT PASS -32.00""]"
2024-01-11,01/11/24,-32.00,-3200,debit,withdrawals,DEMO TRANSIT PASS,01/11/24 DEMO TRANSIT PASS,"January 1, 2024","January 31, 2024",0000,synthetic_stmt_2024_01.csv,"[""01/11/24 DEMO TRANSIT PASS -32.00""]"
2024-01-18,01/18/24,-36.00,-3600,debit,withdrawals,DEMO TRANSIT PASS,01/18/24 DEMO TRANSIT PASS,"January 1, 2024","January 31, 2024",0000,synthetic_stmt_2024_01.csv,"[""01/18/24 DEMO TRANSIT PASS -36.00""]"
2024-01-25,01/25/24,-32.00,-3200,debit,withdrawals,DEMO TRANSIT PASS,01/25/24 DEMO TRANSIT PASS,"January 1, 2024","January 31, 2024",0000,synthetic_stmt_2024_01.csv,"[""01/25/24 DEMO TRANSIT PASS -32.00""]"
2024-01-12,01/12/24,-24.50,-2450,debit,withdrawals,FIXTURE CAFE COLLECTIVE,01/12/24 FIXTURE CAFE COLLECTIVE,"January 1, 2024","January 31, 2024",0000,synthetic_stmt_2024_01.csv,"[""01/12/24 FIXTURE CAFE COLLECTIVE -24.50""]"
2024-01-24,01/24/24,-31.00,-3100,debit,withdrawals,FIXTURE CAFE COLLECTIVE,01/24/24 FIXTURE CAFE COLLECTIVE,"January 1, 2024","January 31, 2024",0000,synthetic_stmt_2024_01.csv,"[""01/24/24 FIXTURE CAFE COLLECTIVE -31.00""]"
2024-01-16,01/16/24,-18.00,-1800,debit,withdrawals,EXAMPLE BOOKS AND SUPPLIES,01/16/24 EXAMPLE BOOKS AND SUPPLIES,"January 1, 2024","January 31, 2024",0000,synthetic_stmt_2024_01.csv,"[""01/16/24 EXAMPLE BOOKS AND SUPPLIES -18.00""]"
2024-01-19,01/19/24,-42.00,-4200,debit,withdrawals,SYNTHETIC HOME GOODS,01/19/24 SYNTHETIC HOME GOODS,"January 1, 2024","January 31, 2024",0000,synthetic_stmt_2024_01.csv,"[""01/19/24 SYNTHETIC HOME GOODS -42.00""]"
2024-01-20,01/20/24,220.00,22000,credit,deposits,SYNTHETIC TRANSFER FROM SAVINGS,01/20/24 SYNTHETIC TRANSFER FROM SAVINGS,"January 1, 2024","January 31, 2024",0000,synthetic_stmt_2024_01.csv,"[""01/20/24 SYNTHETIC TRANSFER FROM SAVINGS 220.00""]"
2024-02-01,02/01/24,2800.00,280000,credit,deposits,SYNTHETIC PAYROLL ACME LABS,02/01/24 SYNTHETIC PAYROLL ACME LABS,"February 1, 2024","February 29, 2024",0000,synthetic_stmt_2024_02.csv,"[""02/01/24 SYNTHETIC PAYROLL ACME LABS 2800.00""]"
2024-02-02,02/02/24,120.00,12000,credit,deposits,SYNTHETIC ALLOWANCE HOUSEHOLD SUPPORT,02/02/24 SYNTHETIC ALLOWANCE HOUSEHOLD SUPPORT,"February 1, 2024","February 29, 2024",0000,synthetic_stmt_2024_02.csv,"[""02/02/24 SYNTHETIC ALLOWANCE HOUSEHOLD SUPPORT 120.00""]"
2024-02-03,02/03/24,-920.00,-92000,debit,withdrawals,SYNTHETIC RENT RESIDENCE,02/03/24 SYNTHETIC RENT RESIDENCE,"February 1, 2024","February 29, 2024",0000,synthetic_stmt_2024_02.csv,"[""02/03/24 SYNTHETIC RENT RESIDENCE -920.00""]"
2024-02-05,02/05/24,-128.00,-12800,debit,withdrawals,EXAMPLE UTILITIES SERVICE,02/05/24 EXAMPLE UTILITIES SERVICE,"February 1, 2024","February 29, 2024",0000,synthetic_stmt_2024_02.csv,"[""02/05/24 EXAMPLE UTILITIES SERVICE -128.00""]"
2024-02-06,02/06/24,-65.00,-6500,debit,withdrawals,DEMO INTERNET SERVICE,02/06/24 DEMO INTERNET SERVICE,"February 1, 2024","February 29, 2024",0000,synthetic_stmt_2024_02.csv,"[""02/06/24 DEMO INTERNET SERVICE -65.00""]"
2024-02-07,02/07/24,-55.00,-5500,debit,withdrawals,TEST MOBILE PLAN,02/07/24 TEST MOBILE PLAN,"February 1, 2024","February 29, 2024",0000,synthetic_stmt_2024_02.csv,"[""02/07/24 TEST MOBILE PLAN -55.00""]"
2024-02-08,02/08/24,-15.99,-1599,debit,withdrawals,DEMO STREAMING MEMBERSHIP,02/08/24 DEMO STREAMING MEMBERSHIP,"February 1, 2024","February 29, 2024",0000,synthetic_stmt_2024_02.csv,"[""02/08/24 DEMO STREAMING MEMBERSHIP -15.99""]"
2024-02-10,02/10/24,-86.45,-8645,debit,withdrawals,TEST GROCERY MART,02/10/24 TEST GROCERY MART,"February 1, 2024","February 29, 2024",0000,synthetic_stmt_2024_02.csv,"[""02/10/24 TEST GROCERY MART -86.45""]"
2024-02-14,02/14/24,-91.65,-9165,debit,withdrawals,TEST GROCERY MART,02/14/24 TEST GROCERY MART,"February 1, 2024","February 29, 2024",0000,synthetic_stmt_2024_02.csv,"[""02/14/24 TEST GROCERY MART -91.65""]"
2024-02-21,02/21/24,-78.85,-7885,debit,withdrawals,TEST GROCERY MART,02/21/24 TEST GROCERY MART,"February 1, 2024","February 29, 2024",0000,synthetic_stmt_2024_02.csv,"[""02/21/24 TEST GROCERY MART -78.85""]"
2024-02-27,02/27/24,-103.05,-10305,debit,withdrawals,TEST GROCERY MART,02/27/24 TEST GROCERY MART,"February 1, 2024","February 29, 2024",0000,synthetic_stmt_2024_02.csv,"[""02/27/24 TEST GROCERY MART -103.05""]"
2024-02-04,02/04/24,-32.25,-3225,debit,withdrawals,DEMO TRANSIT PASS,02/04/24 DEMO TRANSIT PASS,"February 1, 2024","February 29, 2024",0000,synthetic_stmt_2024_02.csv,"[""02/04/24 DEMO TRANSIT PASS -32.25""]"
2024-02-11,02/11/24,-32.25,-3225,debit,withdrawals,DEMO TRANSIT PASS,02/11/24 DEMO TRANSIT PASS,"February 1, 2024","February 29, 2024",0000,synthetic_stmt_2024_02.csv,"[""02/11/24 DEMO TRANSIT PASS -32.25""]"
2024-02-18,02/18/24,-36.25,-3625,debit,withdrawals,DEMO TRANSIT PASS,02/18/24 DEMO TRANSIT PASS,"February 1, 2024","February 29, 2024",0000,synthetic_stmt_2024_02.csv,"[""02/18/24 DEMO TRANSIT PASS -36.25""]"
2024-02-25,02/25/24,-32.25,-3225,debit,withdrawals,DEMO TRANSIT PASS,02/25/24 DEMO TRANSIT PASS,"February 1, 2024","February 29, 2024",0000,synthetic_stmt_2024_02.csv,"[""02/25/24 DEMO TRANSIT PASS -32.25""]"
2024-02-12,02/12/24,-24.60,-2460,debit,withdrawals,FIXTURE CAFE COLLECTIVE,02/12/24 FIXTURE CAFE COLLECTIVE,"February 1, 2024","February 29, 2024",0000,synthetic_stmt_2024_02.csv,"[""02/12/24 FIXTURE CAFE COLLECTIVE -24.60""]"
2024-02-24,02/24/24,-31.10,-3110,debit,withdrawals,FIXTURE CAFE COLLECTIVE,02/24/24 FIXTURE CAFE COLLECTIVE,"February 1, 2024","February 29, 2024",0000,synthetic_stmt_2024_02.csv,"[""02/24/24 FIXTURE CAFE COLLECTIVE -31.10""]"
2024-02-16,02/16/24,-18.05,-1805,debit,withdrawals,EXAMPLE BOOKS AND SUPPLIES,02/16/24 EXAMPLE BOOKS AND SUPPLIES,"February 1, 2024","February 29, 2024",0000,synthetic_stmt_2024_02.csv,"[""02/16/24 EXAMPLE BOOKS AND SUPPLIES -18.05""]"
2024-02-19,02/19/24,-61.00,-6100,debit,withdrawals,SYNTHETIC HOME GOODS,02/19/24 SYNTHETIC HOME GOODS,"February 1, 2024","February 29, 2024",0000,synthetic_stmt_2024_02.csv,"[""02/19/24 SYNTHETIC HOME GOODS -61.00""]"
2024-02-28,02/28/24,26.00,2600,credit,deposits,SYNTHETIC REFUND TEST GROCERY MART,02/28/24 SYNTHETIC REFUND TEST GROCERY MART,"February 1, 2024","February 29, 2024",0000,synthetic_stmt_2024_02.csv,"[""02/28/24 SYNTHETIC REFUND TEST GROCERY MART 26.00""]"
2024-03-01,03/01/24,2800.00,280000,credit,deposits,SYNTHETIC PAYROLL ACME LABS,03/01/24 SYNTHETIC PAYROLL ACME LABS,"March 1, 2024","March 31, 2024",0000,synthetic_stmt_2024_03.csv,"[""03/01/24 SYNTHETIC PAYROLL ACME LABS 2800.00""]"
2024-03-02,03/02/24,120.00,12000,credit,deposits,SYNTHETIC ALLOWANCE HOUSEHOLD SUPPORT,03/02/24 SYNTHETIC ALLOWANCE HOUSEHOLD SUPPORT,"March 1, 2024","March 31, 2024",0000,synthetic_stmt_2024_03.csv,"[""03/02/24 SYNTHETIC ALLOWANCE HOUSEHOLD SUPPORT 120.00""]"
2024-03-03,03/03/24,-920.00,-92000,debit,withdrawals,SYNTHETIC RENT RESIDENCE,03/03/24 SYNTHETIC RENT RESIDENCE,"March 1, 2024","March 31, 2024",0000,synthetic_stmt_2024_03.csv,"[""03/03/24 SYNTHETIC RENT RESIDENCE -920.00""]"
2024-03-05,03/05/24,-128.00,-12800,debit,withdrawals,EXAMPLE UTILITIES SERVICE,03/05/24 EXAMPLE UTILITIES SERVICE,"March 1, 2024","March 31, 2024",0000,synthetic_stmt_2024_03.csv,"[""03/05/24 EXAMPLE UTILITIES SERVICE -128.00""]"
2024-03-06,03/06/24,-65.00,-6500,debit,withdrawals,DEMO INTERNET SERVICE,03/06/24 DEMO INTERNET SERVICE,"March 1, 2024","March 31, 2024",0000,synthetic_stmt_2024_03.csv,"[""03/06/24 DEMO INTERNET SERVICE -65.00""]"
2024-03-07,03/07/24,-55.00,-5500,debit,withdrawals,TEST MOBILE PLAN,03/07/24 TEST MOBILE PLAN,"March 1, 2024","March 31, 2024",0000,synthetic_stmt_2024_03.csv,"[""03/07/24 TEST MOBILE PLAN -55.00""]"
2024-03-08,03/08/24,-15.99,-1599,debit,withdrawals,DEMO STREAMING MEMBERSHIP,03/08/24 DEMO STREAMING MEMBERSHIP,"March 1, 2024","March 31, 2024",0000,synthetic_stmt_2024_03.csv,"[""03/08/24 DEMO STREAMING MEMBERSHIP -15.99""]"
2024-03-10,03/10/24,-86.90,-8690,debit,withdrawals,TEST GROCERY MART,03/10/24 TEST GROCERY MART,"March 1, 2024","March 31, 2024",0000,synthetic_stmt_2024_03.csv,"[""03/10/24 TEST GROCERY MART -86.90""]"
2024-03-14,03/14/24,-92.10,-9210,debit,withdrawals,TEST GROCERY MART,03/14/24 TEST GROCERY MART,"March 1, 2024","March 31, 2024",0000,synthetic_stmt_2024_03.csv,"[""03/14/24 TEST GROCERY MART -92.10""]"
2024-03-21,03/21/24,-79.30,-7930,debit,withdrawals,TEST GROCERY MART,03/21/24 TEST GROCERY MART,"March 1, 2024","March 31, 2024",0000,synthetic_stmt_2024_03.csv,"[""03/21/24 TEST GROCERY MART -79.30""]"
2024-03-27,03/27/24,-103.50,-10350,debit,withdrawals,TEST GROCERY MART,03/27/24 TEST GROCERY MART,"March 1, 2024","March 31, 2024",0000,synthetic_stmt_2024_03.csv,"[""03/27/24 TEST GROCERY MART -103.50""]"
2024-03-04,03/04/24,-32.50,-3250,debit,withdrawals,DEMO TRANSIT PASS,03/04/24 DEMO TRANSIT PASS,"March 1, 2024","March 31, 2024",0000,synthetic_stmt_2024_03.csv,"[""03/04/24 DEMO TRANSIT PASS -32.50""]"
2024-03-11,03/11/24,-32.50,-3250,debit,withdrawals,DEMO TRANSIT PASS,03/11/24 DEMO TRANSIT PASS,"March 1, 2024","March 31, 2024",0000,synthetic_stmt_2024_03.csv,"[""03/11/24 DEMO TRANSIT PASS -32.50""]"
2024-03-18,03/18/24,-36.50,-3650,debit,withdrawals,DEMO TRANSIT PASS,03/18/24 DEMO TRANSIT PASS,"March 1, 2024","March 31, 2024",0000,synthetic_stmt_2024_03.csv,"[""03/18/24 DEMO TRANSIT PASS -36.50""]"
2024-03-25,03/25/24,-32.50,-3250,debit,withdrawals,DEMO TRANSIT PASS,03/25/24 DEMO TRANSIT PASS,"March 1, 2024","March 31, 2024",0000,synthetic_stmt_2024_03.csv,"[""03/25/24 DEMO TRANSIT PASS -32.50""]"
2024-03-12,03/12/24,-24.70,-2470,debit,withdrawals,FIXTURE CAFE COLLECTIVE,03/12/24 FIXTURE CAFE COLLECTIVE,"March 1, 2024","March 31, 2024",0000,synthetic_stmt_2024_03.csv,"[""03/12/24 FIXTURE CAFE COLLECTIVE -24.70""]"
2024-03-24,03/24/24,-31.20,-3120,debit,withdrawals,FIXTURE CAFE COLLECTIVE,03/24/24 FIXTURE CAFE COLLECTIVE,"March 1, 2024","March 31, 2024",0000,synthetic_stmt_2024_03.csv,"[""03/24/24 FIXTURE CAFE COLLECTIVE -31.20""]"
2024-03-16,03/16/24,-18.10,-1810,debit,withdrawals,EXAMPLE BOOKS AND SUPPLIES,03/16/24 EXAMPLE BOOKS AND SUPPLIES,"March 1, 2024","March 31, 2024",0000,synthetic_stmt_2024_03.csv,"[""03/16/24 EXAMPLE BOOKS AND SUPPLIES -18.10""]"
2024-03-19,03/19/24,-42.00,-4200,debit,withdrawals,SYNTHETIC HOME GOODS,03/19/24 SYNTHETIC HOME GOODS,"March 1, 2024","March 31, 2024",0000,synthetic_stmt_2024_03.csv,"[""03/19/24 SYNTHETIC HOME GOODS -42.00""]"
2024-04-01,04/01/24,2800.00,280000,credit,deposits,SYNTHETIC PAYROLL ACME LABS,04/01/24 SYNTHETIC PAYROLL ACME LABS,"April 1, 2024","April 30, 2024",0000,synthetic_stmt_2024_04.csv,"[""04/01/24 SYNTHETIC PAYROLL ACME LABS 2800.00""]"
2024-04-02,04/02/24,120.00,12000,credit,deposits,SYNTHETIC ALLOWANCE HOUSEHOLD SUPPORT,04/02/24 SYNTHETIC ALLOWANCE HOUSEHOLD SUPPORT,"April 1, 2024","April 30, 2024",0000,synthetic_stmt_2024_04.csv,"[""04/02/24 SYNTHETIC ALLOWANCE HOUSEHOLD SUPPORT 120.00""]"
2024-04-03,04/03/24,-920.00,-92000,debit,withdrawals,SYNTHETIC RENT RESIDENCE,04/03/24 SYNTHETIC RENT RESIDENCE,"April 1, 2024","April 30, 2024",0000,synthetic_stmt_2024_04.csv,"[""04/03/24 SYNTHETIC RENT RESIDENCE -920.00""]"
2024-04-05,04/05/24,-128.00,-12800,debit,withdrawals,EXAMPLE UTILITIES SERVICE,04/05/24 EXAMPLE UTILITIES SERVICE,"April 1, 2024","April 30, 2024",0000,synthetic_stmt_2024_04.csv,"[""04/05/24 EXAMPLE UTILITIES SERVICE -128.00""]"
2024-04-06,04/06/24,-65.00,-6500,debit,withdrawals,DEMO INTERNET SERVICE,04/06/24 DEMO INTERNET SERVICE,"April 1, 2024","April 30, 2024",0000,synthetic_stmt_2024_04.csv,"[""04/06/24 DEMO INTERNET SERVICE -65.00""]"
2024-04-07,04/07/24,-55.00,-5500,debit,withdrawals,TEST MOBILE PLAN,04/07/24 TEST MOBILE PLAN,"April 1, 2024","April 30, 2024",0000,synthetic_stmt_2024_04.csv,"[""04/07/24 TEST MOBILE PLAN -55.00""]"
2024-04-08,04/08/24,-15.99,-1599,debit,withdrawals,DEMO STREAMING MEMBERSHIP,04/08/24 DEMO STREAMING MEMBERSHIP,"April 1, 2024","April 30, 2024",0000,synthetic_stmt_2024_04.csv,"[""04/08/24 DEMO STREAMING MEMBERSHIP -15.99""]"
2024-04-10,04/10/24,-87.35,-8735,debit,withdrawals,TEST GROCERY MART,04/10/24 TEST GROCERY MART,"April 1, 2024","April 30, 2024",0000,synthetic_stmt_2024_04.csv,"[""04/10/24 TEST GROCERY MART -87.35""]"
2024-04-14,04/14/24,-92.55,-9255,debit,withdrawals,TEST GROCERY MART,04/14/24 TEST GROCERY MART,"April 1, 2024","April 30, 2024",0000,synthetic_stmt_2024_04.csv,"[""04/14/24 TEST GROCERY MART -92.55""]"
2024-04-21,04/21/24,-79.75,-7975,debit,withdrawals,TEST GROCERY MART,04/21/24 TEST GROCERY MART,"April 1, 2024","April 30, 2024",0000,synthetic_stmt_2024_04.csv,"[""04/21/24 TEST GROCERY MART -79.75""]"
2024-04-27,04/27/24,-103.95,-10395,debit,withdrawals,TEST GROCERY MART,04/27/24 TEST GROCERY MART,"April 1, 2024","April 30, 2024",0000,synthetic_stmt_2024_04.csv,"[""04/27/24 TEST GROCERY MART -103.95""]"
2024-04-04,04/04/24,-32.00,-3200,debit,withdrawals,DEMO TRANSIT PASS,04/04/24 DEMO TRANSIT PASS,"April 1, 2024","April 30, 2024",0000,synthetic_stmt_2024_04.csv,"[""04/04/24 DEMO TRANSIT PASS -32.00""]"
2024-04-11,04/11/24,-32.00,-3200,debit,withdrawals,DEMO TRANSIT PASS,04/11/24 DEMO TRANSIT PASS,"April 1, 2024","April 30, 2024",0000,synthetic_stmt_2024_04.csv,"[""04/11/24 DEMO TRANSIT PASS -32.00""]"
2024-04-18,04/18/24,-36.00,-3600,debit,withdrawals,DEMO TRANSIT PASS,04/18/24 DEMO TRANSIT PASS,"April 1, 2024","April 30, 2024",0000,synthetic_stmt_2024_04.csv,"[""04/18/24 DEMO TRANSIT PASS -36.00""]"
2024-04-25,04/25/24,-32.00,-3200,debit,withdrawals,DEMO TRANSIT PASS,04/25/24 DEMO TRANSIT PASS,"April 1, 2024","April 30, 2024",0000,synthetic_stmt_2024_04.csv,"[""04/25/24 DEMO TRANSIT PASS -32.00""]"
2024-04-12,04/12/24,-24.80,-2480,debit,withdrawals,FIXTURE CAFE COLLECTIVE,04/12/24 FIXTURE CAFE COLLECTIVE,"April 1, 2024","April 30, 2024",0000,synthetic_stmt_2024_04.csv,"[""04/12/24 FIXTURE CAFE COLLECTIVE -24.80""]"
2024-04-24,04/24/24,-31.30,-3130,debit,withdrawals,FIXTURE CAFE COLLECTIVE,04/24/24 FIXTURE CAFE COLLECTIVE,"April 1, 2024","April 30, 2024",0000,synthetic_stmt_2024_04.csv,"[""04/24/24 FIXTURE CAFE COLLECTIVE -31.30""]"
2024-04-16,04/16/24,-18.15,-1815,debit,withdrawals,EXAMPLE BOOKS AND SUPPLIES,04/16/24 EXAMPLE BOOKS AND SUPPLIES,"April 1, 2024","April 30, 2024",0000,synthetic_stmt_2024_04.csv,"[""04/16/24 EXAMPLE BOOKS AND SUPPLIES -18.15""]"
2024-04-19,04/19/24,-61.00,-6100,debit,withdrawals,SYNTHETIC HOME GOODS,04/19/24 SYNTHETIC HOME GOODS,"April 1, 2024","April 30, 2024",0000,synthetic_stmt_2024_04.csv,"[""04/19/24 SYNTHETIC HOME GOODS -61.00""]"
2024-05-01,05/01/24,2800.00,280000,credit,deposits,SYNTHETIC PAYROLL ACME LABS,05/01/24 SYNTHETIC PAYROLL ACME LABS,"May 1, 2024","May 31, 2024",0000,synthetic_stmt_2024_05.csv,"[""05/01/24 SYNTHETIC PAYROLL ACME LABS 2800.00""]"
2024-05-02,05/02/24,120.00,12000,credit,deposits,SYNTHETIC ALLOWANCE HOUSEHOLD SUPPORT,05/02/24 SYNTHETIC ALLOWANCE HOUSEHOLD SUPPORT,"May 1, 2024","May 31, 2024",0000,synthetic_stmt_2024_05.csv,"[""05/02/24 SYNTHETIC ALLOWANCE HOUSEHOLD SUPPORT 120.00""]"
2024-05-03,05/03/24,-920.00,-92000,debit,withdrawals,SYNTHETIC RENT RESIDENCE,05/03/24 SYNTHETIC RENT RESIDENCE,"May 1, 2024","May 31, 2024",0000,synthetic_stmt_2024_05.csv,"[""05/03/24 SYNTHETIC RENT RESIDENCE -920.00""]"
2024-05-05,05/05/24,-128.00,-12800,debit,withdrawals,EXAMPLE UTILITIES SERVICE,05/05/24 EXAMPLE UTILITIES SERVICE,"May 1, 2024","May 31, 2024",0000,synthetic_stmt_2024_05.csv,"[""05/05/24 EXAMPLE UTILITIES SERVICE -128.00""]"
2024-05-06,05/06/24,-65.00,-6500,debit,withdrawals,DEMO INTERNET SERVICE,05/06/24 DEMO INTERNET SERVICE,"May 1, 2024","May 31, 2024",0000,synthetic_stmt_2024_05.csv,"[""05/06/24 DEMO INTERNET SERVICE -65.00""]"
2024-05-07,05/07/24,-55.00,-5500,debit,withdrawals,TEST MOBILE PLAN,05/07/24 TEST MOBILE PLAN,"May 1, 2024","May 31, 2024",0000,synthetic_stmt_2024_05.csv,"[""05/07/24 TEST MOBILE PLAN -55.00""]"
2024-05-08,05/08/24,-15.99,-1599,debit,withdrawals,DEMO STREAMING MEMBERSHIP,05/08/24 DEMO STREAMING MEMBERSHIP,"May 1, 2024","May 31, 2024",0000,synthetic_stmt_2024_05.csv,"[""05/08/24 DEMO STREAMING MEMBERSHIP -15.99""]"
2024-05-10,05/10/24,-87.80,-8780,debit,withdrawals,TEST GROCERY MART,05/10/24 TEST GROCERY MART,"May 1, 2024","May 31, 2024",0000,synthetic_stmt_2024_05.csv,"[""05/10/24 TEST GROCERY MART -87.80""]"
2024-05-14,05/14/24,-93.00,-9300,debit,withdrawals,TEST GROCERY MART,05/14/24 TEST GROCERY MART,"May 1, 2024","May 31, 2024",0000,synthetic_stmt_2024_05.csv,"[""05/14/24 TEST GROCERY MART -93.00""]"
2024-05-21,05/21/24,-80.20,-8020,debit,withdrawals,TEST GROCERY MART,05/21/24 TEST GROCERY MART,"May 1, 2024","May 31, 2024",0000,synthetic_stmt_2024_05.csv,"[""05/21/24 TEST GROCERY MART -80.20""]"
2024-05-27,05/27/24,-104.40,-10440,debit,withdrawals,TEST GROCERY MART,05/27/24 TEST GROCERY MART,"May 1, 2024","May 31, 2024",0000,synthetic_stmt_2024_05.csv,"[""05/27/24 TEST GROCERY MART -104.40""]"
2024-05-04,05/04/24,-32.25,-3225,debit,withdrawals,DEMO TRANSIT PASS,05/04/24 DEMO TRANSIT PASS,"May 1, 2024","May 31, 2024",0000,synthetic_stmt_2024_05.csv,"[""05/04/24 DEMO TRANSIT PASS -32.25""]"
2024-05-11,05/11/24,-32.25,-3225,debit,withdrawals,DEMO TRANSIT PASS,05/11/24 DEMO TRANSIT PASS,"May 1, 2024","May 31, 2024",0000,synthetic_stmt_2024_05.csv,"[""05/11/24 DEMO TRANSIT PASS -32.25""]"
2024-05-18,05/18/24,-36.25,-3625,debit,withdrawals,DEMO TRANSIT PASS,05/18/24 DEMO TRANSIT PASS,"May 1, 2024","May 31, 2024",0000,synthetic_stmt_2024_05.csv,"[""05/18/24 DEMO TRANSIT PASS -36.25""]"
2024-05-25,05/25/24,-32.25,-3225,debit,withdrawals,DEMO TRANSIT PASS,05/25/24 DEMO TRANSIT PASS,"May 1, 2024","May 31, 2024",0000,synthetic_stmt_2024_05.csv,"[""05/25/24 DEMO TRANSIT PASS -32.25""]"
2024-05-12,05/12/24,-24.90,-2490,debit,withdrawals,FIXTURE CAFE COLLECTIVE,05/12/24 FIXTURE CAFE COLLECTIVE,"May 1, 2024","May 31, 2024",0000,synthetic_stmt_2024_05.csv,"[""05/12/24 FIXTURE CAFE COLLECTIVE -24.90""]"
2024-05-24,05/24/24,-31.40,-3140,debit,withdrawals,FIXTURE CAFE COLLECTIVE,05/24/24 FIXTURE CAFE COLLECTIVE,"May 1, 2024","May 31, 2024",0000,synthetic_stmt_2024_05.csv,"[""05/24/24 FIXTURE CAFE COLLECTIVE -31.40""]"
2024-05-16,05/16/24,-18.20,-1820,debit,withdrawals,EXAMPLE BOOKS AND SUPPLIES,05/16/24 EXAMPLE BOOKS AND SUPPLIES,"May 1, 2024","May 31, 2024",0000,synthetic_stmt_2024_05.csv,"[""05/16/24 EXAMPLE BOOKS AND SUPPLIES -18.20""]"
2024-05-19,05/19/24,-42.00,-4200,debit,withdrawals,SYNTHETIC HOME GOODS,05/19/24 SYNTHETIC HOME GOODS,"May 1, 2024","May 31, 2024",0000,synthetic_stmt_2024_05.csv,"[""05/19/24 SYNTHETIC HOME GOODS -42.00""]"
2024-05-20,05/20/24,220.00,22000,credit,deposits,SYNTHETIC TRANSFER FROM SAVINGS,05/20/24 SYNTHETIC TRANSFER FROM SAVINGS,"May 1, 2024","May 31, 2024",0000,synthetic_stmt_2024_05.csv,"[""05/20/24 SYNTHETIC TRANSFER FROM SAVINGS 220.00""]"
2024-05-28,05/28/24,26.00,2600,credit,deposits,SYNTHETIC REFUND TEST GROCERY MART,05/28/24 SYNTHETIC REFUND TEST GROCERY MART,"May 1, 2024","May 31, 2024",0000,synthetic_stmt_2024_05.csv,"[""05/28/24 SYNTHETIC REFUND TEST GROCERY MART 26.00""]"
2024-06-01,06/01/24,2800.00,280000,credit,deposits,SYNTHETIC PAYROLL ACME LABS,06/01/24 SYNTHETIC PAYROLL ACME LABS,"June 1, 2024","June 30, 2024",0000,synthetic_stmt_2024_06.csv,"[""06/01/24 SYNTHETIC PAYROLL ACME LABS 2800.00""]"
2024-06-02,06/02/24,120.00,12000,credit,deposits,SYNTHETIC ALLOWANCE HOUSEHOLD SUPPORT,06/02/24 SYNTHETIC ALLOWANCE HOUSEHOLD SUPPORT,"June 1, 2024","June 30, 2024",0000,synthetic_stmt_2024_06.csv,"[""06/02/24 SYNTHETIC ALLOWANCE HOUSEHOLD SUPPORT 120.00""]"
2024-06-03,06/03/24,-920.00,-92000,debit,withdrawals,SYNTHETIC RENT RESIDENCE,06/03/24 SYNTHETIC RENT RESIDENCE,"June 1, 2024","June 30, 2024",0000,synthetic_stmt_2024_06.csv,"[""06/03/24 SYNTHETIC RENT RESIDENCE -920.00""]"
2024-06-05,06/05/24,-128.00,-12800,debit,withdrawals,EXAMPLE UTILITIES SERVICE,06/05/24 EXAMPLE UTILITIES SERVICE,"June 1, 2024","June 30, 2024",0000,synthetic_stmt_2024_06.csv,"[""06/05/24 EXAMPLE UTILITIES SERVICE -128.00""]"
2024-06-06,06/06/24,-65.00,-6500,debit,withdrawals,DEMO INTERNET SERVICE,06/06/24 DEMO INTERNET SERVICE,"June 1, 2024","June 30, 2024",0000,synthetic_stmt_2024_06.csv,"[""06/06/24 DEMO INTERNET SERVICE -65.00""]"
2024-06-07,06/07/24,-55.00,-5500,debit,withdrawals,TEST MOBILE PLAN,06/07/24 TEST MOBILE PLAN,"June 1, 2024","June 30, 2024",0000,synthetic_stmt_2024_06.csv,"[""06/07/24 TEST MOBILE PLAN -55.00""]"
2024-06-08,06/08/24,-15.99,-1599,debit,withdrawals,DEMO STREAMING MEMBERSHIP,06/08/24 DEMO STREAMING MEMBERSHIP,"June 1, 2024","June 30, 2024",0000,synthetic_stmt_2024_06.csv,"[""06/08/24 DEMO STREAMING MEMBERSHIP -15.99""]"
2024-06-10,06/10/24,-88.25,-8825,debit,withdrawals,TEST GROCERY MART,06/10/24 TEST GROCERY MART,"June 1, 2024","June 30, 2024",0000,synthetic_stmt_2024_06.csv,"[""06/10/24 TEST GROCERY MART -88.25""]"
2024-06-14,06/14/24,-93.45,-9345,debit,withdrawals,TEST GROCERY MART,06/14/24 TEST GROCERY MART,"June 1, 2024","June 30, 2024",0000,synthetic_stmt_2024_06.csv,"[""06/14/24 TEST GROCERY MART -93.45""]"
2024-06-21,06/21/24,-80.65,-8065,debit,withdrawals,TEST GROCERY MART,06/21/24 TEST GROCERY MART,"June 1, 2024","June 30, 2024",0000,synthetic_stmt_2024_06.csv,"[""06/21/24 TEST GROCERY MART -80.65""]"
2024-06-27,06/27/24,-104.85,-10485,debit,withdrawals,TEST GROCERY MART,06/27/24 TEST GROCERY MART,"June 1, 2024","June 30, 2024",0000,synthetic_stmt_2024_06.csv,"[""06/27/24 TEST GROCERY MART -104.85""]"
2024-06-04,06/04/24,-32.50,-3250,debit,withdrawals,DEMO TRANSIT PASS,06/04/24 DEMO TRANSIT PASS,"June 1, 2024","June 30, 2024",0000,synthetic_stmt_2024_06.csv,"[""06/04/24 DEMO TRANSIT PASS -32.50""]"
2024-06-11,06/11/24,-32.50,-3250,debit,withdrawals,DEMO TRANSIT PASS,06/11/24 DEMO TRANSIT PASS,"June 1, 2024","June 30, 2024",0000,synthetic_stmt_2024_06.csv,"[""06/11/24 DEMO TRANSIT PASS -32.50""]"
2024-06-18,06/18/24,-36.50,-3650,debit,withdrawals,DEMO TRANSIT PASS,06/18/24 DEMO TRANSIT PASS,"June 1, 2024","June 30, 2024",0000,synthetic_stmt_2024_06.csv,"[""06/18/24 DEMO TRANSIT PASS -36.50""]"
2024-06-25,06/25/24,-32.50,-3250,debit,withdrawals,DEMO TRANSIT PASS,06/25/24 DEMO TRANSIT PASS,"June 1, 2024","June 30, 2024",0000,synthetic_stmt_2024_06.csv,"[""06/25/24 DEMO TRANSIT PASS -32.50""]"
2024-06-12,06/12/24,-25.00,-2500,debit,withdrawals,FIXTURE CAFE COLLECTIVE,06/12/24 FIXTURE CAFE COLLECTIVE,"June 1, 2024","June 30, 2024",0000,synthetic_stmt_2024_06.csv,"[""06/12/24 FIXTURE CAFE COLLECTIVE -25.00""]"
2024-06-24,06/24/24,-31.50,-3150,debit,withdrawals,FIXTURE CAFE COLLECTIVE,06/24/24 FIXTURE CAFE COLLECTIVE,"June 1, 2024","June 30, 2024",0000,synthetic_stmt_2024_06.csv,"[""06/24/24 FIXTURE CAFE COLLECTIVE -31.50""]"
2024-06-16,06/16/24,-18.25,-1825,debit,withdrawals,EXAMPLE BOOKS AND SUPPLIES,06/16/24 EXAMPLE BOOKS AND SUPPLIES,"June 1, 2024","June 30, 2024",0000,synthetic_stmt_2024_06.csv,"[""06/16/24 EXAMPLE BOOKS AND SUPPLIES -18.25""]"
2024-06-19,06/19/24,-61.00,-6100,debit,withdrawals,SYNTHETIC HOME GOODS,06/19/24 SYNTHETIC HOME GOODS,"June 1, 2024","June 30, 2024",0000,synthetic_stmt_2024_06.csv,"[""06/19/24 SYNTHETIC HOME GOODS -61.00""]"
2024-07-01,07/01/24,1650.00,165000,credit,deposits,SYNTHETIC PAYROLL ACME LABS,07/01/24 SYNTHETIC PAYROLL ACME LABS,"July 1, 2024","July 31, 2024",0000,synthetic_stmt_2024_07.csv,"[""07/01/24 SYNTHETIC PAYROLL ACME LABS 1650.00""]"
2024-07-02,07/02/24,80.00,8000,credit,deposits,SYNTHETIC ALLOWANCE HOUSEHOLD SUPPORT,07/02/24 SYNTHETIC ALLOWANCE HOUSEHOLD SUPPORT,"July 1, 2024","July 31, 2024",0000,synthetic_stmt_2024_07.csv,"[""07/02/24 SYNTHETIC ALLOWANCE HOUSEHOLD SUPPORT 80.00""]"
2024-07-03,07/03/24,-920.00,-92000,debit,withdrawals,SYNTHETIC RENT RESIDENCE,07/03/24 SYNTHETIC RENT RESIDENCE,"July 1, 2024","July 31, 2024",0000,synthetic_stmt_2024_07.csv,"[""07/03/24 SYNTHETIC RENT RESIDENCE -920.00""]"
2024-07-05,07/05/24,-132.00,-13200,debit,withdrawals,EXAMPLE UTILITIES SERVICE,07/05/24 EXAMPLE UTILITIES SERVICE,"July 1, 2024","July 31, 2024",0000,synthetic_stmt_2024_07.csv,"[""07/05/24 EXAMPLE UTILITIES SERVICE -132.00""]"
2024-07-06,07/06/24,-65.00,-6500,debit,withdrawals,DEMO INTERNET SERVICE,07/06/24 DEMO INTERNET SERVICE,"July 1, 2024","July 31, 2024",0000,synthetic_stmt_2024_07.csv,"[""07/06/24 DEMO INTERNET SERVICE -65.00""]"
2024-07-07,07/07/24,-55.00,-5500,debit,withdrawals,TEST MOBILE PLAN,07/07/24 TEST MOBILE PLAN,"July 1, 2024","July 31, 2024",0000,synthetic_stmt_2024_07.csv,"[""07/07/24 TEST MOBILE PLAN -55.00""]"
2024-07-08,07/08/24,-15.99,-1599,debit,withdrawals,DEMO STREAMING MEMBERSHIP,07/08/24 DEMO STREAMING MEMBERSHIP,"July 1, 2024","July 31, 2024",0000,synthetic_stmt_2024_07.csv,"[""07/08/24 DEMO STREAMING MEMBERSHIP -15.99""]"
2024-07-10,07/10/24,-88.70,-8870,debit,withdrawals,TEST GROCERY MART,07/10/24 TEST GROCERY MART,"July 1, 2024","July 31, 2024",0000,synthetic_stmt_2024_07.csv,"[""07/10/24 TEST GROCERY MART -88.70""]"
2024-07-14,07/14/24,-93.90,-9390,debit,withdrawals,TEST GROCERY MART,07/14/24 TEST GROCERY MART,"July 1, 2024","July 31, 2024",0000,synthetic_stmt_2024_07.csv,"[""07/14/24 TEST GROCERY MART -93.90""]"
2024-07-21,07/21/24,-81.10,-8110,debit,withdrawals,TEST GROCERY MART,07/21/24 TEST GROCERY MART,"July 1, 2024","July 31, 2024",0000,synthetic_stmt_2024_07.csv,"[""07/21/24 TEST GROCERY MART -81.10""]"
2024-07-27,07/27/24,-105.30,-10530,debit,withdrawals,TEST GROCERY MART,07/27/24 TEST GROCERY MART,"July 1, 2024","July 31, 2024",0000,synthetic_stmt_2024_07.csv,"[""07/27/24 TEST GROCERY MART -105.30""]"
2024-07-04,07/04/24,-32.00,-3200,debit,withdrawals,DEMO TRANSIT PASS,07/04/24 DEMO TRANSIT PASS,"July 1, 2024","July 31, 2024",0000,synthetic_stmt_2024_07.csv,"[""07/04/24 DEMO TRANSIT PASS -32.00""]"
2024-07-11,07/11/24,-32.00,-3200,debit,withdrawals,DEMO TRANSIT PASS,07/11/24 DEMO TRANSIT PASS,"July 1, 2024","July 31, 2024",0000,synthetic_stmt_2024_07.csv,"[""07/11/24 DEMO TRANSIT PASS -32.00""]"
2024-07-18,07/18/24,-36.00,-3600,debit,withdrawals,DEMO TRANSIT PASS,07/18/24 DEMO TRANSIT PASS,"July 1, 2024","July 31, 2024",0000,synthetic_stmt_2024_07.csv,"[""07/18/24 DEMO TRANSIT PASS -36.00""]"
2024-07-25,07/25/24,-32.00,-3200,debit,withdrawals,DEMO TRANSIT PASS,07/25/24 DEMO TRANSIT PASS,"July 1, 2024","July 31, 2024",0000,synthetic_stmt_2024_07.csv,"[""07/25/24 DEMO TRANSIT PASS -32.00""]"
2024-07-12,07/12/24,-25.10,-2510,debit,withdrawals,FIXTURE CAFE COLLECTIVE,07/12/24 FIXTURE CAFE COLLECTIVE,"July 1, 2024","July 31, 2024",0000,synthetic_stmt_2024_07.csv,"[""07/12/24 FIXTURE CAFE COLLECTIVE -25.10""]"
2024-07-24,07/24/24,-31.60,-3160,debit,withdrawals,FIXTURE CAFE COLLECTIVE,07/24/24 FIXTURE CAFE COLLECTIVE,"July 1, 2024","July 31, 2024",0000,synthetic_stmt_2024_07.csv,"[""07/24/24 FIXTURE CAFE COLLECTIVE -31.60""]"
2024-07-16,07/16/24,-18.30,-1830,debit,withdrawals,EXAMPLE BOOKS AND SUPPLIES,07/16/24 EXAMPLE BOOKS AND SUPPLIES,"July 1, 2024","July 31, 2024",0000,synthetic_stmt_2024_07.csv,"[""07/16/24 EXAMPLE BOOKS AND SUPPLIES -18.30""]"
2024-07-19,07/19/24,-42.00,-4200,debit,withdrawals,SYNTHETIC HOME GOODS,07/19/24 SYNTHETIC HOME GOODS,"July 1, 2024","July 31, 2024",0000,synthetic_stmt_2024_07.csv,"[""07/19/24 SYNTHETIC HOME GOODS -42.00""]"
2024-08-01,08/01/24,1650.00,165000,credit,deposits,SYNTHETIC PAYROLL ACME LABS,08/01/24 SYNTHETIC PAYROLL ACME LABS,"August 1, 2024","August 31, 2024",0000,synthetic_stmt_2024_08.csv,"[""08/01/24 SYNTHETIC PAYROLL ACME LABS 1650.00""]"
2024-08-02,08/02/24,80.00,8000,credit,deposits,SYNTHETIC ALLOWANCE HOUSEHOLD SUPPORT,08/02/24 SYNTHETIC ALLOWANCE HOUSEHOLD SUPPORT,"August 1, 2024","August 31, 2024",0000,synthetic_stmt_2024_08.csv,"[""08/02/24 SYNTHETIC ALLOWANCE HOUSEHOLD SUPPORT 80.00""]"
2024-08-03,08/03/24,-920.00,-92000,debit,withdrawals,SYNTHETIC RENT RESIDENCE,08/03/24 SYNTHETIC RENT RESIDENCE,"August 1, 2024","August 31, 2024",0000,synthetic_stmt_2024_08.csv,"[""08/03/24 SYNTHETIC RENT RESIDENCE -920.00""]"
2024-08-05,08/05/24,-132.00,-13200,debit,withdrawals,EXAMPLE UTILITIES SERVICE,08/05/24 EXAMPLE UTILITIES SERVICE,"August 1, 2024","August 31, 2024",0000,synthetic_stmt_2024_08.csv,"[""08/05/24 EXAMPLE UTILITIES SERVICE -132.00""]"
2024-08-06,08/06/24,-65.00,-6500,debit,withdrawals,DEMO INTERNET SERVICE,08/06/24 DEMO INTERNET SERVICE,"August 1, 2024","August 31, 2024",0000,synthetic_stmt_2024_08.csv,"[""08/06/24 DEMO INTERNET SERVICE -65.00""]"
2024-08-07,08/07/24,-55.00,-5500,debit,withdrawals,TEST MOBILE PLAN,08/07/24 TEST MOBILE PLAN,"August 1, 2024","August 31, 2024",0000,synthetic_stmt_2024_08.csv,"[""08/07/24 TEST MOBILE PLAN -55.00""]"
2024-08-08,08/08/24,-15.99,-1599,debit,withdrawals,DEMO STREAMING MEMBERSHIP,08/08/24 DEMO STREAMING MEMBERSHIP,"August 1, 2024","August 31, 2024",0000,synthetic_stmt_2024_08.csv,"[""08/08/24 DEMO STREAMING MEMBERSHIP -15.99""]"
2024-08-10,08/10/24,-89.15,-8915,debit,withdrawals,TEST GROCERY MART,08/10/24 TEST GROCERY MART,"August 1, 2024","August 31, 2024",0000,synthetic_stmt_2024_08.csv,"[""08/10/24 TEST GROCERY MART -89.15""]"
2024-08-14,08/14/24,-94.35,-9435,debit,withdrawals,TEST GROCERY MART,08/14/24 TEST GROCERY MART,"August 1, 2024","August 31, 2024",0000,synthetic_stmt_2024_08.csv,"[""08/14/24 TEST GROCERY MART -94.35""]"
2024-08-21,08/21/24,-81.55,-8155,debit,withdrawals,TEST GROCERY MART,08/21/24 TEST GROCERY MART,"August 1, 2024","August 31, 2024",0000,synthetic_stmt_2024_08.csv,"[""08/21/24 TEST GROCERY MART -81.55""]"
2024-08-27,08/27/24,-105.75,-10575,debit,withdrawals,TEST GROCERY MART,08/27/24 TEST GROCERY MART,"August 1, 2024","August 31, 2024",0000,synthetic_stmt_2024_08.csv,"[""08/27/24 TEST GROCERY MART -105.75""]"
2024-08-04,08/04/24,-32.25,-3225,debit,withdrawals,DEMO TRANSIT PASS,08/04/24 DEMO TRANSIT PASS,"August 1, 2024","August 31, 2024",0000,synthetic_stmt_2024_08.csv,"[""08/04/24 DEMO TRANSIT PASS -32.25""]"
2024-08-11,08/11/24,-32.25,-3225,debit,withdrawals,DEMO TRANSIT PASS,08/11/24 DEMO TRANSIT PASS,"August 1, 2024","August 31, 2024",0000,synthetic_stmt_2024_08.csv,"[""08/11/24 DEMO TRANSIT PASS -32.25""]"
2024-08-18,08/18/24,-36.25,-3625,debit,withdrawals,DEMO TRANSIT PASS,08/18/24 DEMO TRANSIT PASS,"August 1, 2024","August 31, 2024",0000,synthetic_stmt_2024_08.csv,"[""08/18/24 DEMO TRANSIT PASS -36.25""]"
2024-08-25,08/25/24,-32.25,-3225,debit,withdrawals,DEMO TRANSIT PASS,08/25/24 DEMO TRANSIT PASS,"August 1, 2024","August 31, 2024",0000,synthetic_stmt_2024_08.csv,"[""08/25/24 DEMO TRANSIT PASS -32.25""]"
2024-08-12,08/12/24,-25.20,-2520,debit,withdrawals,FIXTURE CAFE COLLECTIVE,08/12/24 FIXTURE CAFE COLLECTIVE,"August 1, 2024","August 31, 2024",0000,synthetic_stmt_2024_08.csv,"[""08/12/24 FIXTURE CAFE COLLECTIVE -25.20""]"
2024-08-24,08/24/24,-31.70,-3170,debit,withdrawals,FIXTURE CAFE COLLECTIVE,08/24/24 FIXTURE CAFE COLLECTIVE,"August 1, 2024","August 31, 2024",0000,synthetic_stmt_2024_08.csv,"[""08/24/24 FIXTURE CAFE COLLECTIVE -31.70""]"
2024-08-16,08/16/24,-18.35,-1835,debit,withdrawals,EXAMPLE BOOKS AND SUPPLIES,08/16/24 EXAMPLE BOOKS AND SUPPLIES,"August 1, 2024","August 31, 2024",0000,synthetic_stmt_2024_08.csv,"[""08/16/24 EXAMPLE BOOKS AND SUPPLIES -18.35""]"
2024-08-19,08/19/24,-61.00,-6100,debit,withdrawals,SYNTHETIC HOME GOODS,08/19/24 SYNTHETIC HOME GOODS,"August 1, 2024","August 31, 2024",0000,synthetic_stmt_2024_08.csv,"[""08/19/24 SYNTHETIC HOME GOODS -61.00""]"
2024-08-28,08/28/24,26.00,2600,credit,deposits,SYNTHETIC REFUND TEST GROCERY MART,08/28/24 SYNTHETIC REFUND TEST GROCERY MART,"August 1, 2024","August 31, 2024",0000,synthetic_stmt_2024_08.csv,"[""08/28/24 SYNTHETIC REFUND TEST GROCERY MART 26.00""]"
2024-09-01,09/01/24,1650.00,165000,credit,deposits,SYNTHETIC PAYROLL ACME LABS,09/01/24 SYNTHETIC PAYROLL ACME LABS,"September 1, 2024","September 30, 2024",0000,synthetic_stmt_2024_09.csv,"[""09/01/24 SYNTHETIC PAYROLL ACME LABS 1650.00""]"
2024-09-02,09/02/24,80.00,8000,credit,deposits,SYNTHETIC ALLOWANCE HOUSEHOLD SUPPORT,09/02/24 SYNTHETIC ALLOWANCE HOUSEHOLD SUPPORT,"September 1, 2024","September 30, 2024",0000,synthetic_stmt_2024_09.csv,"[""09/02/24 SYNTHETIC ALLOWANCE HOUSEHOLD SUPPORT 80.00""]"
2024-09-03,09/03/24,-920.00,-92000,debit,withdrawals,SYNTHETIC RENT RESIDENCE,09/03/24 SYNTHETIC RENT RESIDENCE,"September 1, 2024","September 30, 2024",0000,synthetic_stmt_2024_09.csv,"[""09/03/24 SYNTHETIC RENT RESIDENCE -920.00""]"
2024-09-05,09/05/24,-132.00,-13200,debit,withdrawals,EXAMPLE UTILITIES SERVICE,09/05/24 EXAMPLE UTILITIES SERVICE,"September 1, 2024","September 30, 2024",0000,synthetic_stmt_2024_09.csv,"[""09/05/24 EXAMPLE UTILITIES SERVICE -132.00""]"
2024-09-06,09/06/24,-65.00,-6500,debit,withdrawals,DEMO INTERNET SERVICE,09/06/24 DEMO INTERNET SERVICE,"September 1, 2024","September 30, 2024",0000,synthetic_stmt_2024_09.csv,"[""09/06/24 DEMO INTERNET SERVICE -65.00""]"
2024-09-07,09/07/24,-55.00,-5500,debit,withdrawals,TEST MOBILE PLAN,09/07/24 TEST MOBILE PLAN,"September 1, 2024","September 30, 2024",0000,synthetic_stmt_2024_09.csv,"[""09/07/24 TEST MOBILE PLAN -55.00""]"
2024-09-08,09/08/24,-15.99,-1599,debit,withdrawals,DEMO STREAMING MEMBERSHIP,09/08/24 DEMO STREAMING MEMBERSHIP,"September 1, 2024","September 30, 2024",0000,synthetic_stmt_2024_09.csv,"[""09/08/24 DEMO STREAMING MEMBERSHIP -15.99""]"
2024-09-10,09/10/24,-89.60,-8960,debit,withdrawals,TEST GROCERY MART,09/10/24 TEST GROCERY MART,"September 1, 2024","September 30, 2024",0000,synthetic_stmt_2024_09.csv,"[""09/10/24 TEST GROCERY MART -89.60""]"
2024-09-14,09/14/24,-94.80,-9480,debit,withdrawals,TEST GROCERY MART,09/14/24 TEST GROCERY MART,"September 1, 2024","September 30, 2024",0000,synthetic_stmt_2024_09.csv,"[""09/14/24 TEST GROCERY MART -94.80""]"
2024-09-21,09/21/24,-82.00,-8200,debit,withdrawals,TEST GROCERY MART,09/21/24 TEST GROCERY MART,"September 1, 2024","September 30, 2024",0000,synthetic_stmt_2024_09.csv,"[""09/21/24 TEST GROCERY MART -82.00""]"
2024-09-27,09/27/24,-106.20,-10620,debit,withdrawals,TEST GROCERY MART,09/27/24 TEST GROCERY MART,"September 1, 2024","September 30, 2024",0000,synthetic_stmt_2024_09.csv,"[""09/27/24 TEST GROCERY MART -106.20""]"
2024-09-04,09/04/24,-32.50,-3250,debit,withdrawals,DEMO TRANSIT PASS,09/04/24 DEMO TRANSIT PASS,"September 1, 2024","September 30, 2024",0000,synthetic_stmt_2024_09.csv,"[""09/04/24 DEMO TRANSIT PASS -32.50""]"
2024-09-11,09/11/24,-32.50,-3250,debit,withdrawals,DEMO TRANSIT PASS,09/11/24 DEMO TRANSIT PASS,"September 1, 2024","September 30, 2024",0000,synthetic_stmt_2024_09.csv,"[""09/11/24 DEMO TRANSIT PASS -32.50""]"
2024-09-18,09/18/24,-36.50,-3650,debit,withdrawals,DEMO TRANSIT PASS,09/18/24 DEMO TRANSIT PASS,"September 1, 2024","September 30, 2024",0000,synthetic_stmt_2024_09.csv,"[""09/18/24 DEMO TRANSIT PASS -36.50""]"
2024-09-25,09/25/24,-32.50,-3250,debit,withdrawals,DEMO TRANSIT PASS,09/25/24 DEMO TRANSIT PASS,"September 1, 2024","September 30, 2024",0000,synthetic_stmt_2024_09.csv,"[""09/25/24 DEMO TRANSIT PASS -32.50""]"
2024-09-12,09/12/24,-25.30,-2530,debit,withdrawals,FIXTURE CAFE COLLECTIVE,09/12/24 FIXTURE CAFE COLLECTIVE,"September 1, 2024","September 30, 2024",0000,synthetic_stmt_2024_09.csv,"[""09/12/24 FIXTURE CAFE COLLECTIVE -25.30""]"
2024-09-24,09/24/24,-31.80,-3180,debit,withdrawals,FIXTURE CAFE COLLECTIVE,09/24/24 FIXTURE CAFE COLLECTIVE,"September 1, 2024","September 30, 2024",0000,synthetic_stmt_2024_09.csv,"[""09/24/24 FIXTURE CAFE COLLECTIVE -31.80""]"
2024-09-16,09/16/24,-18.40,-1840,debit,withdrawals,EXAMPLE BOOKS AND SUPPLIES,09/16/24 EXAMPLE BOOKS AND SUPPLIES,"September 1, 2024","September 30, 2024",0000,synthetic_stmt_2024_09.csv,"[""09/16/24 EXAMPLE BOOKS AND SUPPLIES -18.40""]"
2024-09-19,09/19/24,-42.00,-4200,debit,withdrawals,SYNTHETIC HOME GOODS,09/19/24 SYNTHETIC HOME GOODS,"September 1, 2024","September 30, 2024",0000,synthetic_stmt_2024_09.csv,"[""09/19/24 SYNTHETIC HOME GOODS -42.00""]"
2024-09-20,09/20/24,220.00,22000,credit,deposits,SYNTHETIC TRANSFER FROM SAVINGS,09/20/24 SYNTHETIC TRANSFER FROM SAVINGS,"September 1, 2024","September 30, 2024",0000,synthetic_stmt_2024_09.csv,"[""09/20/24 SYNTHETIC TRANSFER FROM SAVINGS 220.00""]"
2024-10-01,10/01/24,1650.00,165000,credit,deposits,SYNTHETIC PAYROLL ACME LABS,10/01/24 SYNTHETIC PAYROLL ACME LABS,"October 1, 2024","October 31, 2024",0000,synthetic_stmt_2024_10.csv,"[""10/01/24 SYNTHETIC PAYROLL ACME LABS 1650.00""]"
2024-10-02,10/02/24,80.00,8000,credit,deposits,SYNTHETIC ALLOWANCE HOUSEHOLD SUPPORT,10/02/24 SYNTHETIC ALLOWANCE HOUSEHOLD SUPPORT,"October 1, 2024","October 31, 2024",0000,synthetic_stmt_2024_10.csv,"[""10/02/24 SYNTHETIC ALLOWANCE HOUSEHOLD SUPPORT 80.00""]"
2024-10-03,10/03/24,-920.00,-92000,debit,withdrawals,SYNTHETIC RENT RESIDENCE,10/03/24 SYNTHETIC RENT RESIDENCE,"October 1, 2024","October 31, 2024",0000,synthetic_stmt_2024_10.csv,"[""10/03/24 SYNTHETIC RENT RESIDENCE -920.00""]"
2024-10-05,10/05/24,-132.00,-13200,debit,withdrawals,EXAMPLE UTILITIES SERVICE,10/05/24 EXAMPLE UTILITIES SERVICE,"October 1, 2024","October 31, 2024",0000,synthetic_stmt_2024_10.csv,"[""10/05/24 EXAMPLE UTILITIES SERVICE -132.00""]"
2024-10-06,10/06/24,-65.00,-6500,debit,withdrawals,DEMO INTERNET SERVICE,10/06/24 DEMO INTERNET SERVICE,"October 1, 2024","October 31, 2024",0000,synthetic_stmt_2024_10.csv,"[""10/06/24 DEMO INTERNET SERVICE -65.00""]"
2024-10-07,10/07/24,-55.00,-5500,debit,withdrawals,TEST MOBILE PLAN,10/07/24 TEST MOBILE PLAN,"October 1, 2024","October 31, 2024",0000,synthetic_stmt_2024_10.csv,"[""10/07/24 TEST MOBILE PLAN -55.00""]"
2024-10-08,10/08/24,-15.99,-1599,debit,withdrawals,DEMO STREAMING MEMBERSHIP,10/08/24 DEMO STREAMING MEMBERSHIP,"October 1, 2024","October 31, 2024",0000,synthetic_stmt_2024_10.csv,"[""10/08/24 DEMO STREAMING MEMBERSHIP -15.99""]"
2024-10-10,10/10/24,-90.05,-9005,debit,withdrawals,TEST GROCERY MART,10/10/24 TEST GROCERY MART,"October 1, 2024","October 31, 2024",0000,synthetic_stmt_2024_10.csv,"[""10/10/24 TEST GROCERY MART -90.05""]"
2024-10-14,10/14/24,-95.25,-9525,debit,withdrawals,TEST GROCERY MART,10/14/24 TEST GROCERY MART,"October 1, 2024","October 31, 2024",0000,synthetic_stmt_2024_10.csv,"[""10/14/24 TEST GROCERY MART -95.25""]"
2024-10-21,10/21/24,-82.45,-8245,debit,withdrawals,TEST GROCERY MART,10/21/24 TEST GROCERY MART,"October 1, 2024","October 31, 2024",0000,synthetic_stmt_2024_10.csv,"[""10/21/24 TEST GROCERY MART -82.45""]"
2024-10-27,10/27/24,-106.65,-10665,debit,withdrawals,TEST GROCERY MART,10/27/24 TEST GROCERY MART,"October 1, 2024","October 31, 2024",0000,synthetic_stmt_2024_10.csv,"[""10/27/24 TEST GROCERY MART -106.65""]"
2024-10-04,10/04/24,-32.00,-3200,debit,withdrawals,DEMO TRANSIT PASS,10/04/24 DEMO TRANSIT PASS,"October 1, 2024","October 31, 2024",0000,synthetic_stmt_2024_10.csv,"[""10/04/24 DEMO TRANSIT PASS -32.00""]"
2024-10-11,10/11/24,-32.00,-3200,debit,withdrawals,DEMO TRANSIT PASS,10/11/24 DEMO TRANSIT PASS,"October 1, 2024","October 31, 2024",0000,synthetic_stmt_2024_10.csv,"[""10/11/24 DEMO TRANSIT PASS -32.00""]"
2024-10-18,10/18/24,-36.00,-3600,debit,withdrawals,DEMO TRANSIT PASS,10/18/24 DEMO TRANSIT PASS,"October 1, 2024","October 31, 2024",0000,synthetic_stmt_2024_10.csv,"[""10/18/24 DEMO TRANSIT PASS -36.00""]"
2024-10-25,10/25/24,-32.00,-3200,debit,withdrawals,DEMO TRANSIT PASS,10/25/24 DEMO TRANSIT PASS,"October 1, 2024","October 31, 2024",0000,synthetic_stmt_2024_10.csv,"[""10/25/24 DEMO TRANSIT PASS -32.00""]"
2024-10-12,10/12/24,-25.40,-2540,debit,withdrawals,FIXTURE CAFE COLLECTIVE,10/12/24 FIXTURE CAFE COLLECTIVE,"October 1, 2024","October 31, 2024",0000,synthetic_stmt_2024_10.csv,"[""10/12/24 FIXTURE CAFE COLLECTIVE -25.40""]"
2024-10-24,10/24/24,-31.90,-3190,debit,withdrawals,FIXTURE CAFE COLLECTIVE,10/24/24 FIXTURE CAFE COLLECTIVE,"October 1, 2024","October 31, 2024",0000,synthetic_stmt_2024_10.csv,"[""10/24/24 FIXTURE CAFE COLLECTIVE -31.90""]"
2024-10-16,10/16/24,-18.45,-1845,debit,withdrawals,EXAMPLE BOOKS AND SUPPLIES,10/16/24 EXAMPLE BOOKS AND SUPPLIES,"October 1, 2024","October 31, 2024",0000,synthetic_stmt_2024_10.csv,"[""10/16/24 EXAMPLE BOOKS AND SUPPLIES -18.45""]"
2024-10-19,10/19/24,-61.00,-6100,debit,withdrawals,SYNTHETIC HOME GOODS,10/19/24 SYNTHETIC HOME GOODS,"October 1, 2024","October 31, 2024",0000,synthetic_stmt_2024_10.csv,"[""10/19/24 SYNTHETIC HOME GOODS -61.00""]"
2024-11-01,11/01/24,1650.00,165000,credit,deposits,SYNTHETIC PAYROLL ACME LABS,11/01/24 SYNTHETIC PAYROLL ACME LABS,"November 1, 2024","November 30, 2024",0000,synthetic_stmt_2024_11.csv,"[""11/01/24 SYNTHETIC PAYROLL ACME LABS 1650.00""]"
2024-11-02,11/02/24,80.00,8000,credit,deposits,SYNTHETIC ALLOWANCE HOUSEHOLD SUPPORT,11/02/24 SYNTHETIC ALLOWANCE HOUSEHOLD SUPPORT,"November 1, 2024","November 30, 2024",0000,synthetic_stmt_2024_11.csv,"[""11/02/24 SYNTHETIC ALLOWANCE HOUSEHOLD SUPPORT 80.00""]"
2024-11-03,11/03/24,-920.00,-92000,debit,withdrawals,SYNTHETIC RENT RESIDENCE,11/03/24 SYNTHETIC RENT RESIDENCE,"November 1, 2024","November 30, 2024",0000,synthetic_stmt_2024_11.csv,"[""11/03/24 SYNTHETIC RENT RESIDENCE -920.00""]"
2024-11-05,11/05/24,-132.00,-13200,debit,withdrawals,EXAMPLE UTILITIES SERVICE,11/05/24 EXAMPLE UTILITIES SERVICE,"November 1, 2024","November 30, 2024",0000,synthetic_stmt_2024_11.csv,"[""11/05/24 EXAMPLE UTILITIES SERVICE -132.00""]"
2024-11-06,11/06/24,-65.00,-6500,debit,withdrawals,DEMO INTERNET SERVICE,11/06/24 DEMO INTERNET SERVICE,"November 1, 2024","November 30, 2024",0000,synthetic_stmt_2024_11.csv,"[""11/06/24 DEMO INTERNET SERVICE -65.00""]"
2024-11-07,11/07/24,-55.00,-5500,debit,withdrawals,TEST MOBILE PLAN,11/07/24 TEST MOBILE PLAN,"November 1, 2024","November 30, 2024",0000,synthetic_stmt_2024_11.csv,"[""11/07/24 TEST MOBILE PLAN -55.00""]"
2024-11-08,11/08/24,-15.99,-1599,debit,withdrawals,DEMO STREAMING MEMBERSHIP,11/08/24 DEMO STREAMING MEMBERSHIP,"November 1, 2024","November 30, 2024",0000,synthetic_stmt_2024_11.csv,"[""11/08/24 DEMO STREAMING MEMBERSHIP -15.99""]"
2024-11-10,11/10/24,-90.50,-9050,debit,withdrawals,TEST GROCERY MART,11/10/24 TEST GROCERY MART,"November 1, 2024","November 30, 2024",0000,synthetic_stmt_2024_11.csv,"[""11/10/24 TEST GROCERY MART -90.50""]"
2024-11-14,11/14/24,-95.70,-9570,debit,withdrawals,TEST GROCERY MART,11/14/24 TEST GROCERY MART,"November 1, 2024","November 30, 2024",0000,synthetic_stmt_2024_11.csv,"[""11/14/24 TEST GROCERY MART -95.70""]"
2024-11-21,11/21/24,-82.90,-8290,debit,withdrawals,TEST GROCERY MART,11/21/24 TEST GROCERY MART,"November 1, 2024","November 30, 2024",0000,synthetic_stmt_2024_11.csv,"[""11/21/24 TEST GROCERY MART -82.90""]"
2024-11-27,11/27/24,-107.10,-10710,debit,withdrawals,TEST GROCERY MART,11/27/24 TEST GROCERY MART,"November 1, 2024","November 30, 2024",0000,synthetic_stmt_2024_11.csv,"[""11/27/24 TEST GROCERY MART -107.10""]"
2024-11-04,11/04/24,-32.25,-3225,debit,withdrawals,DEMO TRANSIT PASS,11/04/24 DEMO TRANSIT PASS,"November 1, 2024","November 30, 2024",0000,synthetic_stmt_2024_11.csv,"[""11/04/24 DEMO TRANSIT PASS -32.25""]"
2024-11-11,11/11/24,-32.25,-3225,debit,withdrawals,DEMO TRANSIT PASS,11/11/24 DEMO TRANSIT PASS,"November 1, 2024","November 30, 2024",0000,synthetic_stmt_2024_11.csv,"[""11/11/24 DEMO TRANSIT PASS -32.25""]"
2024-11-18,11/18/24,-36.25,-3625,debit,withdrawals,DEMO TRANSIT PASS,11/18/24 DEMO TRANSIT PASS,"November 1, 2024","November 30, 2024",0000,synthetic_stmt_2024_11.csv,"[""11/18/24 DEMO TRANSIT PASS -36.25""]"
2024-11-25,11/25/24,-32.25,-3225,debit,withdrawals,DEMO TRANSIT PASS,11/25/24 DEMO TRANSIT PASS,"November 1, 2024","November 30, 2024",0000,synthetic_stmt_2024_11.csv,"[""11/25/24 DEMO TRANSIT PASS -32.25""]"
2024-11-12,11/12/24,-25.50,-2550,debit,withdrawals,FIXTURE CAFE COLLECTIVE,11/12/24 FIXTURE CAFE COLLECTIVE,"November 1, 2024","November 30, 2024",0000,synthetic_stmt_2024_11.csv,"[""11/12/24 FIXTURE CAFE COLLECTIVE -25.50""]"
2024-11-24,11/24/24,-32.00,-3200,debit,withdrawals,FIXTURE CAFE COLLECTIVE,11/24/24 FIXTURE CAFE COLLECTIVE,"November 1, 2024","November 30, 2024",0000,synthetic_stmt_2024_11.csv,"[""11/24/24 FIXTURE CAFE COLLECTIVE -32.00""]"
2024-11-16,11/16/24,-18.50,-1850,debit,withdrawals,EXAMPLE BOOKS AND SUPPLIES,11/16/24 EXAMPLE BOOKS AND SUPPLIES,"November 1, 2024","November 30, 2024",0000,synthetic_stmt_2024_11.csv,"[""11/16/24 EXAMPLE BOOKS AND SUPPLIES -18.50""]"
2024-11-19,11/19/24,-42.00,-4200,debit,withdrawals,SYNTHETIC HOME GOODS,11/19/24 SYNTHETIC HOME GOODS,"November 1, 2024","November 30, 2024",0000,synthetic_stmt_2024_11.csv,"[""11/19/24 SYNTHETIC HOME GOODS -42.00""]"
2024-11-28,11/28/24,26.00,2600,credit,deposits,SYNTHETIC REFUND TEST GROCERY MART,11/28/24 SYNTHETIC REFUND TEST GROCERY MART,"November 1, 2024","November 30, 2024",0000,synthetic_stmt_2024_11.csv,"[""11/28/24 SYNTHETIC REFUND TEST GROCERY MART 26.00""]"
2024-12-01,12/01/24,1650.00,165000,credit,deposits,SYNTHETIC PAYROLL ACME LABS,12/01/24 SYNTHETIC PAYROLL ACME LABS,"December 1, 2024","December 31, 2024",0000,synthetic_stmt_2024_12.csv,"[""12/01/24 SYNTHETIC PAYROLL ACME LABS 1650.00""]"
2024-12-02,12/02/24,80.00,8000,credit,deposits,SYNTHETIC ALLOWANCE HOUSEHOLD SUPPORT,12/02/24 SYNTHETIC ALLOWANCE HOUSEHOLD SUPPORT,"December 1, 2024","December 31, 2024",0000,synthetic_stmt_2024_12.csv,"[""12/02/24 SYNTHETIC ALLOWANCE HOUSEHOLD SUPPORT 80.00""]"
2024-12-03,12/03/24,-920.00,-92000,debit,withdrawals,SYNTHETIC RENT RESIDENCE,12/03/24 SYNTHETIC RENT RESIDENCE,"December 1, 2024","December 31, 2024",0000,synthetic_stmt_2024_12.csv,"[""12/03/24 SYNTHETIC RENT RESIDENCE -920.00""]"
2024-12-05,12/05/24,-132.00,-13200,debit,withdrawals,EXAMPLE UTILITIES SERVICE,12/05/24 EXAMPLE UTILITIES SERVICE,"December 1, 2024","December 31, 2024",0000,synthetic_stmt_2024_12.csv,"[""12/05/24 EXAMPLE UTILITIES SERVICE -132.00""]"
2024-12-06,12/06/24,-65.00,-6500,debit,withdrawals,DEMO INTERNET SERVICE,12/06/24 DEMO INTERNET SERVICE,"December 1, 2024","December 31, 2024",0000,synthetic_stmt_2024_12.csv,"[""12/06/24 DEMO INTERNET SERVICE -65.00""]"
2024-12-07,12/07/24,-55.00,-5500,debit,withdrawals,TEST MOBILE PLAN,12/07/24 TEST MOBILE PLAN,"December 1, 2024","December 31, 2024",0000,synthetic_stmt_2024_12.csv,"[""12/07/24 TEST MOBILE PLAN -55.00""]"
2024-12-08,12/08/24,-15.99,-1599,debit,withdrawals,DEMO STREAMING MEMBERSHIP,12/08/24 DEMO STREAMING MEMBERSHIP,"December 1, 2024","December 31, 2024",0000,synthetic_stmt_2024_12.csv,"[""12/08/24 DEMO STREAMING MEMBERSHIP -15.99""]"
2024-12-10,12/10/24,-90.95,-9095,debit,withdrawals,TEST GROCERY MART,12/10/24 TEST GROCERY MART,"December 1, 2024","December 31, 2024",0000,synthetic_stmt_2024_12.csv,"[""12/10/24 TEST GROCERY MART -90.95""]"
2024-12-14,12/14/24,-96.15,-9615,debit,withdrawals,TEST GROCERY MART,12/14/24 TEST GROCERY MART,"December 1, 2024","December 31, 2024",0000,synthetic_stmt_2024_12.csv,"[""12/14/24 TEST GROCERY MART -96.15""]"
2024-12-21,12/21/24,-83.35,-8335,debit,withdrawals,TEST GROCERY MART,12/21/24 TEST GROCERY MART,"December 1, 2024","December 31, 2024",0000,synthetic_stmt_2024_12.csv,"[""12/21/24 TEST GROCERY MART -83.35""]"
2024-12-27,12/27/24,-107.55,-10755,debit,withdrawals,TEST GROCERY MART,12/27/24 TEST GROCERY MART,"December 1, 2024","December 31, 2024",0000,synthetic_stmt_2024_12.csv,"[""12/27/24 TEST GROCERY MART -107.55""]"
2024-12-04,12/04/24,-32.50,-3250,debit,withdrawals,DEMO TRANSIT PASS,12/04/24 DEMO TRANSIT PASS,"December 1, 2024","December 31, 2024",0000,synthetic_stmt_2024_12.csv,"[""12/04/24 DEMO TRANSIT PASS -32.50""]"
2024-12-11,12/11/24,-32.50,-3250,debit,withdrawals,DEMO TRANSIT PASS,12/11/24 DEMO TRANSIT PASS,"December 1, 2024","December 31, 2024",0000,synthetic_stmt_2024_12.csv,"[""12/11/24 DEMO TRANSIT PASS -32.50""]"
2024-12-18,12/18/24,-36.50,-3650,debit,withdrawals,DEMO TRANSIT PASS,12/18/24 DEMO TRANSIT PASS,"December 1, 2024","December 31, 2024",0000,synthetic_stmt_2024_12.csv,"[""12/18/24 DEMO TRANSIT PASS -36.50""]"
2024-12-25,12/25/24,-32.50,-3250,debit,withdrawals,DEMO TRANSIT PASS,12/25/24 DEMO TRANSIT PASS,"December 1, 2024","December 31, 2024",0000,synthetic_stmt_2024_12.csv,"[""12/25/24 DEMO TRANSIT PASS -32.50""]"
2024-12-12,12/12/24,-25.60,-2560,debit,withdrawals,FIXTURE CAFE COLLECTIVE,12/12/24 FIXTURE CAFE COLLECTIVE,"December 1, 2024","December 31, 2024",0000,synthetic_stmt_2024_12.csv,"[""12/12/24 FIXTURE CAFE COLLECTIVE -25.60""]"
2024-12-24,12/24/24,-32.10,-3210,debit,withdrawals,FIXTURE CAFE COLLECTIVE,12/24/24 FIXTURE CAFE COLLECTIVE,"December 1, 2024","December 31, 2024",0000,synthetic_stmt_2024_12.csv,"[""12/24/24 FIXTURE CAFE COLLECTIVE -32.10""]"
2024-12-16,12/16/24,-18.55,-1855,debit,withdrawals,EXAMPLE BOOKS AND SUPPLIES,12/16/24 EXAMPLE BOOKS AND SUPPLIES,"December 1, 2024","December 31, 2024",0000,synthetic_stmt_2024_12.csv,"[""12/16/24 EXAMPLE BOOKS AND SUPPLIES -18.55""]"
2024-12-19,12/19/24,-61.00,-6100,debit,withdrawals,SYNTHETIC HOME GOODS,12/19/24 SYNTHETIC HOME GOODS,"December 1, 2024","December 31, 2024",0000,synthetic_stmt_2024_12.csv,"[""12/19/24 SYNTHETIC HOME GOODS -61.00""]"
